{
	"partitions" : [
		{
			"name" : "Top",
			"pins" : [
				{
					"name" : "fout[0]",
					"strict" : false
				},
				{
					"name" : "fout[1]",
					"strict" : false
				},
				{
					"name" : "fout[2]",
					"strict" : false
				},
				{
					"name" : "fout[3]",
					"strict" : false
				},
				{
					"name" : "fout[4]",
					"strict" : false
				},
				{
					"name" : "fout[5]",
					"strict" : false
				},
				{
					"name" : "fout[6]",
					"strict" : false
				},
				{
					"name" : "fout[7]",
					"strict" : false
				},
				{
					"name" : "fout[8]",
					"strict" : false
				},
				{
					"name" : "fout[9]",
					"strict" : false
				},
				{
					"name" : "fout[10]",
					"strict" : false
				},
				{
					"name" : "fout[11]",
					"strict" : false
				},
				{
					"name" : "fout[12]",
					"strict" : false
				},
				{
					"name" : "fout[13]",
					"strict" : false
				},
				{
					"name" : "fout[14]",
					"strict" : false
				},
				{
					"name" : "fout[17]",
					"strict" : false
				},
				{
					"name" : "fout[18]",
					"strict" : false
				},
				{
					"name" : "fout[19]",
					"strict" : false
				},
				{
					"name" : "done",
					"strict" : false
				},
				{
					"name" : "timeout[0]",
					"strict" : false
				},
				{
					"name" : "timeout[2]",
					"strict" : false
				},
				{
					"name" : "timeout[3]",
					"strict" : false
				},
				{
					"name" : "timeout[4]",
					"strict" : false
				},
				{
					"name" : "timeout[5]",
					"strict" : false
				},
				{
					"name" : "timeout[6]",
					"strict" : false
				},
				{
					"name" : "Bus[0]",
					"strict" : false
				},
				{
					"name" : "Bus[1]",
					"strict" : false
				},
				{
					"name" : "Bus[2]",
					"strict" : false
				},
				{
					"name" : "Bus[3]",
					"strict" : false
				},
				{
					"name" : "Bus[4]",
					"strict" : false
				},
				{
					"name" : "Bus[5]",
					"strict" : false
				},
				{
					"name" : "Bus[6]",
					"strict" : false
				},
				{
					"name" : "Bus[7]",
					"strict" : false
				},
				{
					"name" : "Bus[8]",
					"strict" : false
				},
				{
					"name" : "Data_in[2]",
					"strict" : false
				},
				{
					"name" : "Data_in[1]",
					"strict" : false
				},
				{
					"name" : "Data_in[0]",
					"strict" : false
				},
				{
					"name" : "w",
					"strict" : false
				},
				{
					"name" : "Data_in[7]",
					"strict" : false
				},
				{
					"name" : "Data_in[8]",
					"strict" : false
				},
				{
					"name" : "Data_in[3]",
					"strict" : false
				},
				{
					"name" : "Data_in[5]",
					"strict" : false
				},
				{
					"name" : "Data_in[4]",
					"strict" : false
				},
				{
					"name" : "clk_50",
					"strict" : false
				},
				{
					"name" : "Data_in[6]",
					"strict" : false
				},
				{
					"name" : "select",
					"strict" : false
				},
				{
					"name" : "cllk_in",
					"strict" : false
				}
			]
		}
	]
}