{
	"partitions" : [
		{
			"name" : "Top",
			"pins" : [
				{
					"name" : "data_out[0]",
					"strict" : false
				},
				{
					"name" : "data_out[1]",
					"strict" : false
				},
				{
					"name" : "data_out[2]",
					"strict" : false
				},
				{
					"name" : "data_out[3]",
					"strict" : false
				},
				{
					"name" : "data_out[4]",
					"strict" : false
				},
				{
					"name" : "data_out[5]",
					"strict" : false
				},
				{
					"name" : "data_out[6]",
					"strict" : false
				},
				{
					"name" : "data_out[7]",
					"strict" : false
				},
				{
					"name" : "baud_out",
					"strict" : false
				},
				{
					"name" : "recovered_data",
					"strict" : false
				},
				{
					"name" : "shifted_data[0]",
					"strict" : false
				},
				{
					"name" : "shifted_data[1]",
					"strict" : false
				},
				{
					"name" : "shifted_data[2]",
					"strict" : false
				},
				{
					"name" : "shifted_data[3]",
					"strict" : false
				},
				{
					"name" : "shifted_data[4]",
					"strict" : false
				},
				{
					"name" : "shifted_data[5]",
					"strict" : false
				},
				{
					"name" : "shifted_data[6]",
					"strict" : false
				},
				{
					"name" : "shifted_data[7]",
					"strict" : false
				},
				{
					"name" : "shifted_data[8]",
					"strict" : false
				},
				{
					"name" : "shifted_data[10]",
					"strict" : false
				},
				{
					"name" : "para_en",
					"strict" : false
				},
				{
					"name" : "msb",
					"strict" : false
				},
				{
					"name" : "allones",
					"strict" : false
				},
				{
					"name" : "baud_rate[0]",
					"strict" : false
				},
				{
					"name" : "baud_rate[1]",
					"strict" : false
				},
				{
					"name" : "data_in",
					"strict" : false
				}
			]
		}
	]
}